,Temp,Pres,Species,SuperCritical
0,199.48954700295087,23.549677776818147,1,0
1,148.27129694180687,23.491141907180438,0,0
2,207.7423338681438,5.5474245825680155,1,0
3,476.66091957648723,1.1404050497110496,1,0
4,478.16751406803223,14.70547937020921,0,1
5,397.64477721754713,27.503642781718888,0,1
6,110.44835758702534,16.904401758153146,0,0
7,517.6081454328005,26.556219537712067,0,1
8,299.33147346586924,17.378126866753398,0,0
9,219.83417348187518,17.838730961418932,1,0
10,840.1969843932155,15.480627085722748,1,0
11,339.7755185610737,17.01344360457792,0,1
12,640.4237765018388,12.520423726190721,0,1
13,328.3802876940891,7.3784650883676814,1,0
14,452.585222043968,1.5297832828841085,0,0
15,764.3406997614386,20.263971592052723,0,1
16,382.28609955180366,4.204412126160472,0,0
17,693.9654684950899,9.458262803459146,1,0
18,525.3336219083598,22.770006311195377,1,0
19,140.03465614001075,11.155531148135537,0,0
20,93.14199081321185,15.969464430940063,1,0
21,602.822370347741,23.851116974567123,1,0
22,807.8394195889059,10.320128950730876,1,0
23,419.40176066666163,8.355198046796295,1,0
24,723.3270300621033,27.492721589581585,0,1
25,598.935767117787,12.468148704011563,1,0
26,893.5391502017994,22.070853076725815,0,1
27,836.0768343448017,22.954739410991838,1,1
28,165.12313410910204,4.09947317457465,0,0
29,3.630363385265478,20.552406419672753,0,0
30,292.917433041257,8.520411521524295,0,0
31,742.0305449728313,21.00269096771524,1,0
32,792.3341914374944,29.1282492419733,1,1
33,214.88311135393664,23.40860039327979,1,0
34,469.6047865856195,7.817900136110001,0,1
35,65.6217030033193,13.904726141691434,0,0
36,753.4010790917594,29.117361047655503,1,1
37,523.0689609861637,2.836688172603706,0,0
38,660.8311990333929,5.109248333201119,0,0
39,16.060471150807366,19.415874564259635,1,0
40,605.4278844441733,20.647626546492525,0,1
41,143.13890272384126,11.079005170546303,0,0
42,735.000918584345,24.580772882911315,0,1
43,442.2857013126414,6.338478095909403,0,0
44,822.4362578951578,24.997067765676032,1,1
45,510.0243410249743,21.470925734555966,0,1
46,898.1734566476259,2.1533113154479198,0,0
47,845.8793872886662,1.0895674641001363,1,0
48,487.28918653272285,27.119888512397925,0,1
49,717.4123469182396,25.565114849722335,1,1
50,671.7720796230284,1.7248108968562925,1,0
51,131.2020135507957,9.699292702255335,1,0
52,160.99342227000741,17.115995566898377,0,0
53,19.488374092063598,11.288366684812466,1,0
54,644.1228403460555,24.055197142199663,1,0
55,367.0851318755014,28.227185467411527,1,0
56,240.9013712538734,3.4083393444152787,1,0
57,521.7264203600356,7.085659440205684,1,0
58,752.0895170117695,9.38880674996925,0,1
59,235.08484655921694,11.349364995008273,0,0
60,115.80407971227945,7.774931814602675,0,0
61,463.1625904664972,6.384222922972704,1,0
62,714.5336004231235,27.83733451854447,1,1
63,654.6818726319198,21.58824132492335,1,0
64,94.43753580507278,8.278105647439954,0,0
65,866.8805401744663,24.697270841485665,1,1
66,696.4694425916155,27.8765509144864,1,1
67,388.45911072965595,5.790178955733774,0,0
68,330.2876217199758,15.306580590600946,1,0
69,774.3510965729146,8.532559611327827,0,1
70,16.42631535178378,26.64781568559841,0,0
71,98.7379015891377,22.42277893473241,1,0
72,502.22736467217277,9.686869584248237,0,1
73,152.0679919251772,5.9169007236875535,0,0
74,293.4831632927727,15.760707207437608,1,0
75,99.53660816579712,26.80485298066401,1,0
76,498.5982515164084,7.771016731831421,1,0
77,282.6180040402607,10.629576527211023,0,0
78,721.1036444679758,18.61949332203506,0,1
79,624.0673764173627,29.518574087471737,1,0
80,41.68824689816334,26.424144791887397,0,0
81,620.9046840007138,7.863350975299477,0,1
82,855.2425965499373,28.9621812668052,1,1
83,286.5953776937585,27.691013083769864,1,0
84,210.38015450760335,6.367158345602208,0,0
85,470.5670950328255,6.939493621966644,0,0
86,423.30282717105223,21.334948675183224,1,0
87,783.5338652435388,9.348432183630539,0,1
88,200.31911423076372,27.833442098478386,0,0
89,797.0113151700613,28.09978253690525,1,1
90,730.3691909761636,21.758175205765095,0,1
91,368.11953503049546,27.59330315470505,1,0
92,184.67320428110224,29.687524644329017,0,0
93,539.2973227325504,25.950485952708725,1,0
94,670.5167918721042,3.307252150016302,1,0
95,551.5796225891297,26.41114290824564,0,1
96,620.153039047926,18.689892851569642,1,0
97,751.2072231166817,29.785493782797918,0,1
98,694.5661341268085,19.20992083363412,0,1
99,233.58932816571263,2.389806056819348,1,0
100,709.4455020314135,18.890596411703047,1,0
101,55.40264253872947,6.338138947373948,0,0
102,825.9106428471972,7.451804843352809,0,1
103,782.7197312771294,26.995487632641105,1,1
104,655.4648699758452,10.0622091340949,1,0
105,777.6010992213849,10.229093835249985,1,0
106,889.8043638378422,29.543235946300204,1,1
107,107.01424152331577,29.28709428969305,0,0
108,492.59525106132253,20.715892457368696,0,1
109,147.79645776736032,10.882762096325088,1,0
110,33.7744995968893,13.427937615414606,0,0
111,532.0279047381412,28.71454812236569,1,0
112,227.20649714972654,11.387300336944573,1,0
113,561.78789938137,0.503512455466999,0,0
114,297.5848596574747,5.564859196401569,0,0
115,309.0290425862197,7.256105614671502,1,0
116,390.6979605373128,23.25558555776921,1,0
117,199.41128948018445,12.427155943006845,0,0
118,157.4589263999645,13.870684535705976,1,0
119,847.0613659874518,1.0274789998085543,0,0
120,609.2429527068595,19.43052519716907,0,1
121,557.3738492791092,12.276738210813708,1,0
122,71.3089003387154,15.713112327334422,0,0
123,751.8157311946676,6.787180260722748,0,0
124,105.89596344163317,14.36914724997689,1,0
125,580.2842314064882,3.190736203660066,0,0
126,549.863042264989,11.601830180868554,1,0
127,633.3625513902845,4.267227655454864,0,0
128,520.4023410044559,13.029148653835728,1,0
129,59.97839395084409,8.990926482852046,0,0
130,682.1894326606621,8.238921920211457,0,1
131,206.82109863331692,15.903044498157383,1,0
132,745.3988732784813,25.50323855575017,0,1
133,3.267517743983206,18.18572734570813,0,0
134,194.07942739913216,2.565121431275319,0,0
135,798.5768460935755,4.0979159117907225,1,0
136,601.9653814171877,4.780438506574631,1,0
137,681.9925396128378,19.19353984636157,1,0
138,96.55642447960024,9.740683825915859,1,0
139,359.4797254312395,3.5661699179173767,1,0
140,862.8340934855048,23.556787034031156,1,1
141,620.4373831969598,14.259733451145513,0,1
142,767.1084094425768,14.238765300520843,0,1
143,495.2741581029095,3.023344040513302,1,0
144,304.42940952811847,12.995203489094099,1,0
145,695.1973844835011,9.521883157681566,1,0
146,593.5692953998114,22.18711394197527,1,0
147,249.30489511291773,15.418332381757665,0,0
148,272.9691017214186,21.21716650341978,1,0
149,704.1474402937774,1.8645343225836164,1,0
150,805.0491826322481,13.268053754662688,1,0
151,545.311164225598,25.945503681831063,1,0
152,11.564215671128675,22.305082600298476,1,0
153,684.1461810720411,20.620511722388425,0,1
154,777.9322290589079,7.953750069076949,0,1
155,765.7005433001451,4.821567477951398,0,0
156,810.2343612795463,8.788437949579137,0,1
157,470.88812308738324,11.026596366109068,1,0
158,830.8910530649724,14.475513720953494,0,1
159,861.1139034173351,2.329812898065491,1,0
160,329.24708752631096,21.14091071153202,1,0
161,144.71443021036944,25.92505265114122,0,0
162,132.23898771906136,9.978390735449596,1,0
163,56.2857796006118,10.308929957930417,0,0
164,760.5814912651774,1.2509098639554272,1,0
165,765.773886752584,15.811377009898244,1,0
166,828.8890346706338,13.565794829852067,1,0
167,48.17141776027471,0.06135799647727258,1,0
168,643.2420612628775,27.063550017108557,0,1
169,482.71546130991356,6.291154849713778,1,0
170,58.46025514075092,7.268739817412201,1,0
171,426.4982829513043,1.581846356492016,1,0
172,221.16475508340156,21.459368274422346,0,0
173,162.21623570256253,24.863665990441753,1,0
174,213.51659518891677,20.487900931818427,0,0
175,455.87647153688437,9.66645650403671,1,0
176,710.3226573232919,15.306841661474678,0,1
177,80.32431319338377,11.73059918732321,1,0
178,785.604378281113,11.879509500848542,0,1
179,746.7932877132924,12.307819762484367,0,1
180,639.3442266193957,28.42769479154226,1,0
181,454.09006119675666,27.321037974379344,1,0
182,314.2845246167559,2.1472018404617343,1,0
183,886.4495263745921,5.049909462313735,1,0
184,447.867543381281,11.073746899846304,0,1
185,776.8272411555175,10.96514831815435,1,0
186,877.0993512546048,16.06298303056445,1,0
187,424.37038432502584,27.826507593334828,1,0
188,130.83283157554172,6.557432529564612,1,0
189,419.0585320259959,11.55549003320202,1,0
190,497.5172237742863,20.498266842946755,0,1
191,618.7613287504295,20.075057960600784,0,1
192,745.9156322138257,28.653371409245736,1,1
193,502.17331269675725,4.145458850402334,1,0
194,507.4506698139281,8.908731251070767,1,0
195,398.6125240167759,26.493310216022255,1,0
196,393.04852753917237,26.03485889148616,0,1
197,420.25599720242633,29.610130487952212,1,0
198,777.0760875884432,22.02638033815459,0,1
199,359.7855005024075,12.139174760886451,0,1
200,32.76789638358889,4.1361548196673406,1,0
201,833.7407341189258,24.355083131405145,1,1
202,640.3818327596198,10.699548166343002,0,1
203,80.44336604639003,4.925715877858203,1,0
204,500.2246887446604,13.672615312208992,0,1
205,483.0863612713173,6.615910567329478,0,0
206,110.95325609104943,4.302460549246298,1,0
207,317.8917440675993,1.573418349704635,1,0
208,665.594055742508,27.68627208076143,0,1
209,370.20164931598276,7.8739987072343345,0,1
210,99.72713335931894,20.179216572652585,0,0
211,352.50430476930455,20.56562401398699,1,0
212,635.2517230423288,5.150733338964059,0,0
213,218.89237128646562,23.114188765577836,1,0
214,593.8621752120047,0.09536690204842602,1,0
215,825.3302658228074,14.632665701455425,1,0
216,448.2915189665999,10.278708752993628,1,0
217,755.8164327149693,23.306748857151163,0,1
218,97.38524097096858,8.397577856256369,1,0
219,714.0399580841498,27.06367387250042,1,1
220,26.459808058052847,18.01649657191096,1,0
221,97.90210697209477,2.551263417757512,1,0
222,594.4814976218702,26.28726155979099,1,0
223,616.729880594294,17.60176174365999,0,1
224,580.771425758438,2.0618963636225764,1,0
225,483.13568658394615,15.638686035772317,0,1
226,822.8739352804723,0.3834425647501949,1,0
227,450.65747216954776,2.377963313406448,0,0
228,236.14865884421877,14.968888065631322,1,0
229,550.025402803967,20.153714414359424,1,0
230,133.9648355195262,25.865065521443398,0,0
231,415.09585293475686,3.4460273028181767,0,0
232,296.5473794465892,28.442958196387963,0,0
233,885.9744083825182,19.258617924657916,1,0
234,154.15829427815487,23.74847741736608,1,0
235,692.4320147458504,10.274008106746985,1,0
236,311.54083010235206,25.46125331201415,1,0
237,607.2826404021845,20.635593826221438,0,1
238,590.5564775444876,18.74813133301145,1,0
239,409.6206719732506,25.716808128208303,1,0
240,693.9038242234632,9.075453590882278,1,0
241,370.37822060291387,13.854448924952647,1,0
242,776.7237631237762,2.4938783843644496,1,0
243,143.07188299263444,19.43301879787252,0,0
244,472.84228021350106,15.870872816589447,1,0
245,304.2777238705342,8.580594512578475,1,0
246,127.46266513323928,23.67836346139945,1,0
247,205.47029533434423,1.8423577572966143,1,0
248,253.23513111235698,16.607428417741264,0,0
249,425.1474270532616,28.891993753611338,1,0
250,412.34061801313953,26.1436028894864,0,1
251,46.098550293889296,12.69377729692936,0,0
252,888.0685363833469,0.2237590287758906,1,0
253,684.9397551393323,24.981782148136553,0,1
254,621.6956980995053,19.712601988309817,1,0
255,566.7683665603888,20.917294367809042,1,0
256,861.0287039630842,16.55884050201117,0,1
257,161.94668329769223,9.36085199948048,1,0
258,798.6131240932947,14.706542171720558,1,0
259,415.5611242802499,20.594384192673576,0,1
260,185.48808420887931,28.30382493871629,0,0
261,315.5223457451484,20.354904285605187,0,1
262,521.8280693188101,20.268296913162732,1,0
263,630.7102619940682,29.441419451618962,0,1
264,87.53456369950389,27.16952879452412,1,0
265,21.721795804135404,20.446796384341166,1,0
266,819.6169373687225,19.666918547862966,0,1
267,482.7662846308919,20.174489363298736,0,1
268,281.23306177321274,27.86585381010869,0,0
269,316.7629006810578,2.7749311514114208,1,0
270,391.8489887208281,6.331557573768175,0,0
271,487.71160143279064,24.12191476738667,1,0
272,192.16001936113707,1.0599896497608075,1,0
273,41.94425850046544,21.724790773600233,1,0
274,60.515181656950546,27.52006677312337,0,0
275,649.8027608894135,13.3056010882493,0,1
276,0.6891124557079631,17.114318424566346,0,0
277,130.61781310855298,4.18865842082846,1,0
278,729.7714315344678,4.698811440058165,1,0
279,601.4490336314925,5.5335102078238165,1,0
280,804.0546422576051,22.514144440148712,0,1
281,688.5359916111322,14.433377663716993,0,1
282,871.983281314637,24.851134471750193,0,1
283,141.21801908343332,22.748698001430306,0,0
284,137.24618487022377,4.6687148136535335,0,0
285,546.6920585397387,11.542468701737828,0,1
286,350.43042935089903,3.046588211376584,1,0
287,620.9892135066757,16.56404873994474,1,0
288,119.28547897679061,6.517187204228571,0,0
289,690.6314828294962,2.260159902869283,1,0
290,475.09460491917446,12.115936192389565,0,1
291,361.6820345386499,8.724548179616612,0,1
292,388.1218840224754,4.433876211841341,0,0
293,374.1303648226871,4.787693467092662,0,0
294,146.15990399997645,25.752553241892485,0,0
295,866.0125301014717,3.570207143595007,1,0
296,454.32500202959056,28.75372532562195,0,1
297,233.1612379138789,6.423731375888677,0,0
298,683.2463677899734,21.914878055663984,1,0
299,476.80570577848937,24.429594711742656,1,0
300,327.7135415594699,10.285745386721581,0,1
301,818.2621728880235,15.491332872323332,0,1
302,840.0650812483372,16.863633219706244,1,0
303,561.8446922074017,20.84278366047314,1,0
304,602.2438826034555,17.913405844283563,1,0
305,515.0124861187597,26.424291018184103,1,0
306,702.5363665060578,29.438986976938658,1,1
307,698.1293594679429,3.7107874193703516,1,0
308,609.3559320439999,16.156396979292914,1,0
309,688.5993919947415,0.1549143223946925,0,0
310,131.17017953790776,25.579697973275334,0,0
311,523.8795978534149,11.607252817591252,1,0
312,271.9089549367171,25.13376144519405,1,0
313,460.39551532185754,6.165411369352726,1,0
314,605.3858112295193,24.82271863103625,1,0
315,716.9388872726612,0.46370284335334966,1,0
316,546.8812010353264,16.599113067685455,1,0
317,636.7916274638175,26.14381379740197,0,1
318,209.7259056496865,6.656934877970953,0,0
319,30.276901402037517,13.672949442878997,1,0
320,196.91523082043702,4.449029536176311,0,0
321,406.67164633561225,16.88953932889003,1,0
322,104.27795293809801,28.421103408381956,1,0
323,272.99436195313285,8.25406852868963,0,0
324,485.57655777848765,0.7177005261915459,0,0
325,578.3848274052901,26.48104809752227,1,0
326,124.78458373594722,23.35958159203314,0,0
327,628.6881097609262,14.721669440038381,0,1
328,195.27637168805126,24.345818970844597,1,0
329,491.80303539579967,16.882375937360308,0,1
330,822.7021245342676,27.085255926087115,1,1
331,808.7226359647894,20.16213033945756,1,0
332,204.68475278126522,6.15267623249734,1,0
333,282.9366649654923,1.769954068104178,1,0
334,628.2173427868914,18.959984387395416,1,0
335,866.6529236928133,23.16431375193912,1,1
336,359.0346734698331,5.808489561952967,0,0
337,78.74439971533322,28.12504649074587,1,0
338,1.7128846211673432,28.86062245805037,1,0
339,631.2016897278559,2.115915963277333,0,0
340,738.0673705818425,3.736362881220554,0,0
341,858.7818434200617,2.046529512546474,0,0
342,761.3423240043082,5.495694806016052,0,0
343,336.6778611398229,21.69681090781537,1,0
344,724.148959796558,12.75716564595127,0,1
345,148.71874160778785,12.302692619697172,0,0
346,8.190104140218645,7.558530003362335,1,0
347,32.96130749602515,5.911423916706546,0,0
348,413.5923970714492,23.249620830731892,0,1
349,94.02503214101132,10.359789108670869,0,0
350,493.2238573570944,25.436118443145936,1,0
351,253.64446183512055,5.722171649788265,0,0
352,35.9155863892872,8.91263773591713,0,0
353,5.1622657099337,8.584065311905395,1,0
354,469.9462919705226,27.01484908860028,1,0
355,444.1804766357612,20.32284946397652,1,0
356,512.8135487453018,14.629414451543761,0,1
357,462.248268219469,12.002635458556032,0,1
358,822.941473007584,29.33170881073986,1,1
359,324.2954344614436,1.008410078129709,0,0
360,512.3742210036429,20.223605492806048,0,1
361,647.7550283973742,15.500828914578829,1,0
362,555.3712912501371,25.193451337872265,0,1
363,338.0209121365513,23.131577665961807,1,0
364,756.2569952688266,24.124855544317242,0,1
365,399.4581318453688,2.089279245267429,1,0
366,514.7453226808881,5.683402874289939,0,0
367,222.8402957239008,29.966146567235892,0,0
368,370.0466776456511,16.11086933818838,1,0
369,600.3956917547745,9.103697682472168,1,0
370,444.3297312885733,7.873293635801306,1,0
371,697.725141908821,4.351532703866066,0,0
372,840.3163680607141,0.4499147637496492,1,0
373,126.62060847126494,26.45602441376898,1,0
374,290.38574747729905,1.9957770243087591,0,0
375,820.8789443370785,25.775262319273363,0,1
376,636.2566220010692,25.197843895257765,1,0
377,669.0573058868971,19.774688486671543,0,1
378,194.57685278557338,25.383097171086092,0,0
379,663.7260140548472,22.719503155758993,0,1
380,739.8080149567376,20.861751479896103,1,0
381,864.5333382926985,0.1707789211310562,0,0
382,327.698396010195,13.098132960595933,0,1
383,773.4468764820176,13.427631551774693,1,0
384,471.11575831164794,6.830431460065016,1,0
385,634.9277247714967,7.816277148852283,0,1
386,196.47263469779807,26.439288448784463,1,0
387,717.2643665242218,23.80078073564024,0,1
388,762.2354876896622,9.383995229963437,1,0
389,619.197815165236,28.638268474019267,0,1
390,9.302466340544369,2.580646931460897,0,0
391,108.82656337335938,29.20808126119002,1,0
392,264.33687265780304,22.87188295043229,0,0
393,765.0903647850378,9.861613976056452,1,0
394,364.36019967704283,10.708199690718214,1,0
395,249.98442667724444,7.7967365008752045,0,0
396,692.7855613142183,26.774304080367273,0,1
397,827.0472271448089,27.565441825966623,0,1
398,286.29501847155046,7.527457226568553,0,0
399,663.3202780407763,28.978773577325985,1,1
400,114.07696379215982,13.739385135628481,0,0
401,532.9046400583109,25.982999334354858,0,1
402,327.1155129653443,3.53201535761107,0,0
403,77.4235816349759,7.144890355255368,1,0
404,462.2865387381307,10.384336472160872,1,0
405,679.8111627343146,15.279852537828436,0,1
406,804.8068589901345,3.539329137224069,0,0
407,545.738777367807,5.147165850083749,1,0
408,72.32429250117777,11.946441009616722,0,0
409,84.09331473108035,17.832007950988586,0,0
410,898.686750774254,11.493958312364995,1,0
411,751.887807407918,22.207638599037,1,1
412,403.72133499873775,27.361012135398465,1,0
413,693.500732398491,3.6747397493160983,1,0
414,152.62856725164644,28.852688731642225,0,0
415,661.5038349060325,3.6376229740197994,0,0
416,568.8746368608764,14.99593324250271,1,0
417,481.16035515294357,20.450162080246667,1,0
418,473.59379339116464,21.50156652347556,1,0
419,74.44373224736482,24.621942642711783,0,0
420,744.3027456092974,24.36085936288133,0,1
421,686.776813267463,19.19954539848816,0,1
422,483.76788202656167,28.51424241928258,1,0
423,611.9350044096593,20.626213637400188,1,0
424,124.29850863979394,16.977815475099312,0,0
425,720.165119971539,9.733388450613376,0,1
426,80.81141185000872,7.515429666129844,0,0
427,63.34898393102969,20.8505676535823,1,0
428,642.9413116401049,27.181101578999044,0,1
429,171.21030681845198,6.483971944042758,0,0
430,772.9950416502651,28.01306019388879,0,1
431,507.7621075984306,9.435047390732349,0,1
432,43.28960786853533,5.407537441995245,0,0
433,287.22717379492724,7.615473088346275,0,0
434,374.16881943128396,6.762571739148033,0,0
435,10.047978405184942,25.34016574344867,1,0
436,4.032728141140318,20.916402366800135,0,0
437,244.14618068430875,11.542185457577009,0,0
438,897.9273336762261,19.768945767498572,1,0
439,21.11498871860462,1.710835296234332,1,0
440,129.2787018651579,9.402532139327443,0,0
441,36.071143909775195,29.85916852005261,0,0
442,789.6253862427474,28.22775421012041,0,1
443,214.77776127135851,17.0128473104377,0,0
444,576.3346576905078,26.651262744960416,0,1
445,28.498304355100668,27.759922689936953,0,0
446,342.6965077112615,20.174956297077557,1,0
447,362.72743209353433,3.151330776991057,0,0
448,829.9673279769072,9.03764060786838,0,1
449,89.65078521555047,25.683564513780386,0,0
450,2.732562358779056,23.124338608877075,1,0
451,834.7867302375925,1.6061427030777475,0,0
452,329.73094467171103,21.372581088463047,1,0
453,269.27189454399,0.8026443428673968,1,0
454,791.2853007468301,12.520538790699693,1,0
455,80.91836603394708,5.9479753351546885,1,0
456,551.4473695414041,9.780914621244133,1,0
457,582.0079128559142,24.03115644284067,0,1
458,347.37428431277095,23.476638428763337,0,1
459,14.76237431561609,8.166210717700142,0,0
460,195.86003787095441,4.428105570613533,1,0
461,543.2205755019212,28.349722316489856,1,0
462,644.7820844192879,0.24371059303508025,0,0
463,481.10107638462233,27.062196654156363,0,1
464,795.5784157598529,23.923796240546547,0,1
465,892.3925812611095,4.182091527371847,0,0
466,284.149043313152,25.718877186926136,1,0
467,349.1430679827051,6.455625066762281,1,0
468,74.31932676058855,17.432729066272262,1,0
469,888.8827795893894,15.697245615047168,1,0
470,200.29473230684627,25.405588155830443,1,0
471,749.6421889771084,3.495155079682587,0,0
472,829.2965880332738,20.61250029788904,0,1
473,798.0331326187998,5.116521015661074,0,0
474,119.67735548721292,3.3584740715087626,0,0
475,355.3642937511,0.013703315431905505,1,0
476,205.67756560208537,20.360485275782395,1,0
477,422.86410130570573,20.92318482708508,0,1
478,83.22711577848757,16.951193605934062,0,0
479,643.4712406298456,20.103530428707458,0,1
480,244.74671917367527,3.32895669439646,1,0
481,517.8337566327034,11.693571867592158,1,0
482,887.8175071472557,2.180916749334422,1,0
483,173.15770782868267,6.121311025047173,0,0
484,812.5665721337375,29.75630859668338,0,1
485,661.4235531616405,19.081433932369123,0,1
486,101.23379449583516,3.06124656546677,1,0
487,456.22507229681054,28.86925581818948,1,0
488,482.90331473563947,18.704564661206714,1,0
489,11.650753346262155,7.519662031378516,1,0
490,356.62382678573385,0.7852949896072181,1,0
491,846.4709010809188,1.29950583114948,1,0
492,378.4891369760148,21.5917127138163,0,1
493,629.113104408874,13.403772431474803,0,1
494,483.1719763802026,3.775085863083797,0,0
495,894.7668074698835,22.771474362021834,1,1
496,85.08162820901613,0.8720091323804258,0,0
497,33.682602906008654,8.742664674821222,1,0
498,263.5225240948307,11.413411019697255,1,0
499,186.9151586856692,27.774688179424718,1,0
500,181.7605094024584,5.428291050897967,1,0
501,399.8282112921477,24.814620077159972,0,1
502,616.4996824554261,18.121956495988645,0,1
503,104.8327413128971,6.423694263296924,1,0
504,338.1997035477071,9.265338067685168,1,0
505,479.7843568127875,1.0236807562675077,0,0
506,675.2130715168688,2.8717492954485713,0,0
507,711.7797453537186,0.5271061010807965,0,0
508,675.613460067923,8.458341576574917,1,0
509,169.7023210672899,13.752439995268217,0,0
510,899.3559960211778,10.404070824824135,1,0
511,407.9949334119653,8.779063884285245,1,0
512,521.2434402536217,3.5136938345843127,0,0
513,530.1030030630136,21.355064926425076,0,1
514,7.8372628179011254,28.999610519381832,1,0
515,57.701201585455145,14.97691807967737,0,0
516,844.2328972610684,25.263157449478157,1,1
517,659.9524852854572,29.94655356906682,0,1
518,401.7425833858441,4.409948835027215,1,0
519,90.82679390101643,4.866588778777,0,0
520,482.7473850670726,27.941601960807436,1,0
521,602.4675956763592,13.63124584641832,1,0
522,373.387871321776,10.509739669130706,1,0
523,46.84130177428937,18.895769171960072,0,0
524,552.5132520615979,4.209202264850978,1,0
525,705.3965852910093,3.0085035324853395,1,0
526,618.1350523657402,17.047373150818956,1,0
527,482.5078512409622,7.638238647625699,1,0
528,557.4668064496378,9.199781861892355,0,1
529,500.912490354519,29.05855029204421,1,0
530,338.75571873945916,6.69461879189389,1,0
531,871.0384129647293,29.752638323293983,0,1
532,645.2762582981138,4.755918390062874,0,0
533,750.2400237259028,25.67176317520369,1,1
534,637.2031096190866,3.3220728736294314,0,0
535,496.3474428884221,26.646958972980077,1,0
536,351.80221520544933,25.82627527724602,0,1
537,410.06513735827554,10.805116745029915,0,1
538,300.32689885506386,13.033965816701215,1,0
539,244.20317315634026,26.740856353025332,1,0
540,137.04949635739194,22.98009965331891,0,0
541,529.2657480953758,13.556820506116106,0,1
542,634.8397999304657,12.026324240081738,1,0
543,511.41236648269614,10.647917629340228,1,0
544,488.82552059790686,1.1416529331728764,1,0
545,350.3097731516172,24.995128321832095,1,0
546,845.1981861845773,25.98975793216489,1,1
547,642.8838146962462,23.205342689501784,0,1
548,135.7130740916585,13.924488547069451,0,0
549,858.2619869138927,22.637442119906083,0,1
550,534.5669509447687,12.953967117271159,0,1
551,622.7457657777189,19.700755075846804,1,0
552,837.1871884979442,12.28680461188148,0,1
553,146.3673257309007,24.386033710179106,1,0
554,467.219644009658,26.42675468999022,0,1
555,75.20967718378026,7.906457906981881,0,0
556,547.1577172254305,0.26022261730484497,1,0
557,228.89161005257617,23.932864946874247,1,0
558,298.4536983742427,11.888416313938713,0,0
559,866.7812278766893,13.383077109561311,0,1
560,650.856293989413,24.88507912021244,0,1
561,168.08454636119072,27.46847573332428,0,0
562,88.7738667412553,13.352789147908535,1,0
563,6.648698545435283,3.2867301591187212,1,0
564,475.7645110672771,23.404741819044762,1,0
565,214.3043996860921,6.146914958613929,1,0
566,285.71851190977196,9.640350838338994,1,0
567,168.29732460382456,21.887104581384275,0,0
568,4.442269106810559,23.889630759140694,1,0
569,706.0497529258777,28.959354150058573,0,1
570,248.12581350839147,7.421722333454319,1,0
571,253.01231838186533,27.043648153248082,0,0
572,745.503986586147,5.6894831848762495,1,0
573,756.4238787752807,21.63377400032081,0,1
574,751.852519783194,17.703721149042988,0,1
575,174.09519329387385,18.10086191675539,0,0
576,157.05840357846108,5.010784870400483,1,0
577,271.1813998455162,11.19545487028917,0,0
578,22.788457146913434,24.339035029883235,1,0
579,459.3766653488414,8.3424730440618,1,0
580,208.70919480022684,20.737596817970577,0,0
581,162.28124848738057,29.4634969177301,0,0
582,316.9824555227559,28.263388483120774,1,0
583,705.3168754895033,4.348500811765166,0,0
584,137.12198147629437,8.680988611363086,0,0
585,592.278072354825,12.488503573302358,1,0
586,186.57567440859575,2.046632723384451,0,0
587,232.6844858422655,20.452257960441035,0,0
588,141.7803908558253,10.589567369913803,0,0
589,576.7985406728859,19.22410308207955,1,0
590,671.2867739972882,7.064780450447067,0,0
591,172.79331751792085,29.826065590677104,1,0
592,531.2404967557653,9.834966442186298,0,1
593,414.3073465533464,7.146366477567768,0,0
594,827.4088585824366,21.834516158169116,1,0
595,273.16676764564033,24.883758691470316,1,0
596,297.1881528174552,25.95813756739402,0,0
597,748.5497980450504,24.03690633536126,1,1
598,804.8122616094247,7.458715481885539,1,0
599,288.52862748214125,17.785455476756297,1,0
600,523.3876822623505,19.43786333296813,1,0
601,507.0004385279123,8.382732723790078,0,1
602,413.56516140842456,9.479329829089092,1,0
603,817.4265379352502,5.188459167835432,1,0
604,785.6486102055338,4.429327586875721,1,0
605,516.5541721785679,11.116197346068228,0,1
606,226.30743218290894,10.066458893494081,1,0
607,256.8187744139135,5.751590063577979,0,0
608,360.37529746909826,17.23047032300693,0,1
609,640.0237112260024,7.529360997567972,1,0
610,390.40988223641534,7.4947159079061745,0,1
611,474.6445774522383,3.3617903500174684,1,0
612,775.2684406660526,11.178049357070435,1,0
613,372.22907046482635,27.184555520812022,0,1
614,752.6236716891227,25.160983884107644,0,1
615,308.25343895351807,20.79267583108998,0,1
616,313.0190292933105,10.393603530173072,1,0
617,450.8631378580668,7.4424331700488295,0,1
618,239.92059198464972,14.974243925711942,1,0
619,587.2200262380055,15.181488486329703,1,0
620,398.0949532283014,24.545086816375814,0,1
621,664.0513434923864,25.557364035259432,0,1
622,781.7282122582872,16.486750343232377,1,0
623,149.4821218643414,27.408176926868652,1,0
624,384.7062478290563,23.18967876109682,1,0
625,629.7191122631043,22.48452270425022,1,0
626,274.773860792517,2.3928434325541383,1,0
627,40.5715167454949,29.528919749154355,0,0
628,783.8205761647849,24.23199429987929,1,1
629,180.0305607228674,29.846049261057054,1,0
630,292.87297401175243,5.768963138844003,0,0
631,762.2123130581158,25.114213952850097,0,1
632,519.9343271521811,20.909868676200958,0,1
633,263.42154428550396,22.113116668361005,1,0
634,376.32568760107046,10.729138555444445,0,1
635,433.5538062760408,8.94487919971678,1,0
636,830.8774340422758,5.23799175140328,1,0
637,721.6444153261494,8.600713403643201,0,1
638,848.4702867787322,26.795911703234314,1,1
639,320.15301861919625,8.231904904194963,0,1
640,283.6021887729666,16.938664045396056,1,0
641,892.2825839031226,5.215963716221403,1,0
642,233.43217755739286,13.40328487289763,1,0
643,626.9883406668444,25.481546177673334,0,1
644,724.7648248816935,11.106978184072192,0,1
645,83.27268814016982,12.412802623986343,0,0
646,777.1228722950799,15.449711860068263,1,0
647,382.8707349143857,8.10255177456646,0,1
648,259.58253712890587,22.054386549900713,1,0
649,50.67671966442351,24.599184596994704,1,0
650,89.48372958521553,3.3490432641473857,0,0
651,882.3279451120894,10.163001053943772,0,1
652,453.9661220382764,0.5827136600037286,0,0
653,665.4012331147766,5.149218947385721,1,0
654,862.4247052894021,25.2217713312595,1,1
655,108.57859457596504,29.890796770379588,0,0
656,50.45382747228998,27.411546758678774,1,0
657,278.3935950291974,17.28213320855962,0,0
658,311.8703068390026,22.597390612994626,1,0
659,25.119510202203678,6.780669230786737,0,0
660,405.8764922039437,4.419236051339611,0,0
661,821.3075237217115,15.482001357402934,0,1
662,30.352522154462868,25.596705788579357,0,0
663,603.3856177102028,11.400452926525915,0,1
664,828.7271233167727,24.475776618886783,0,1
665,70.18035139414481,10.94186847117893,0,0
666,893.8947256060342,5.6968848850703,1,0
667,684.4585557704213,5.0896911446920035,0,0
668,41.050062462445155,18.207310512536406,1,0
669,837.9302651979375,5.805875260965668,0,0
670,205.40942387810136,14.908830802861576,1,0
671,176.27318063953035,7.243507406701094,0,0
672,889.0108811798792,15.40569736776574,1,0
673,280.24144423268433,17.56000358704775,1,0
674,416.0075834970399,0.45017686516166,0,0
675,889.8990764728602,23.130642158099608,1,1
676,210.6582782527577,14.700207873359751,0,0
677,876.3792785312837,15.067481050415957,1,0
678,42.193791439226594,2.0061028574838025,1,0
679,33.531301765737744,2.5394732108443927,1,0
680,725.9198006182683,3.1596256324337846,0,0
681,51.4280271979235,13.946482512649649,1,0
682,785.2683046653798,8.240215620996686,1,0
683,818.3385711968901,15.700360266367655,1,0
684,467.26296283991735,21.608141999527657,0,1
685,834.3434457676333,18.721505208047617,1,0
686,179.31580391335746,28.13253726052408,0,0
687,473.6081400403101,28.449937434099784,0,1
688,207.76488814960575,21.749939016497084,0,0
689,643.4119866281562,22.494896057664103,1,0
690,437.78423706645975,26.24175957580174,0,1
691,258.22034517452875,15.93149774010157,0,0
692,728.8493953602435,13.976679573533216,1,0
693,247.70873456084243,23.836296175510988,0,0
694,582.3647771189966,3.5006397921563046,0,0
695,362.19534438885796,4.472848454957789,1,0
696,781.010225486371,13.832243719933823,1,0
697,406.1849352422991,11.272433604423352,1,0
698,432.4627134829043,10.371217399913924,0,1
699,774.0445962407658,14.327581543103657,1,0
700,242.07652625635706,2.692822106270636,0,0
701,539.0733448390627,3.821916710968387,1,0
702,384.0453064050373,23.05942738440854,0,1
703,171.18789210408139,16.573278235571753,1,0
704,597.5957197686847,9.55659459955754,1,0
705,538.047182554284,26.550338618364005,1,0
706,886.6848535223272,16.298433612509378,0,1
707,892.9622318763262,24.631256097832644,1,1
708,704.4046411453932,12.395584532570235,1,0
709,754.1538737033902,8.641197451572879,0,1
710,232.91689258390338,6.5285493324998125,0,0
711,828.5116220693575,21.07104437746595,0,1
712,719.8211685347119,29.217676105331808,0,1
713,119.96241245778995,10.524662630927539,1,0
714,672.8953646118791,28.82884585713019,0,1
715,678.9022466275252,24.397857923104944,1,1
716,320.0446958008017,21.83463003573476,0,1
717,213.11002399175683,21.049130339033354,1,0
718,447.24962204987156,22.83174942178526,0,1
719,99.71370750413894,15.121371354715254,1,0
720,453.0023243820963,29.318172413495734,0,1
721,115.94138363185505,13.550237198395083,1,0
722,669.9348941329275,1.2772107906982921,0,0
723,225.1573816721876,21.599622052485064,0,0
724,186.8758518715951,5.955430753018305,1,0
725,836.8570803460265,26.1647074934437,0,1
726,490.67327875499564,14.49643170582557,1,0
727,514.2680454105093,3.9612597712342335,1,0
728,361.98235441800296,21.92741488848017,1,0
729,153.87660388053277,3.040673908903373,0,0
730,350.2649799416171,26.027569009861445,1,0
731,751.8800263836878,19.127832448188016,0,1
732,259.9281903660013,4.632540065314032,1,0
733,486.3834810130959,18.48585605284945,0,1
734,488.1695177846893,17.803524953666173,0,1
735,263.547133522099,3.3501278860260664,1,0
736,663.1169844494101,13.086486401195238,1,0
737,195.67571714832565,10.437681925012424,1,0
738,688.7585748744805,21.46308913356021,1,0
739,14.355495055123313,6.15508637645179,0,0
740,664.1546189934915,29.368349743177262,1,1
741,562.4443267492437,7.8092723855157455,1,0
742,303.06101682419546,13.387293269848437,0,1
743,75.37619104788271,17.21753402763449,1,0
744,424.37494052088954,16.90972688031453,0,1
745,343.21911239985,3.947463642630633,0,0
746,235.13741570029336,16.37175712757808,0,0
747,822.2006659381864,11.484606575147827,1,0
748,821.5239906230544,27.863739191810453,0,1
749,209.0078208680505,18.05689871520218,1,0
750,48.967472087434295,27.259829323253175,1,0
751,837.6377221587564,28.008213351176774,1,1
752,720.8536322822391,5.084861316025319,0,0
753,846.0582588800944,6.861823430059961,0,0
754,661.1089202490988,20.74616668667864,1,0
755,787.5403781579415,4.924181690521642,0,0
756,164.2528600293099,11.407009519166188,0,0
757,695.3013399263382,15.424623447534305,1,0
758,548.570241261321,16.966748439468788,0,1
759,776.1322404643605,17.29447174784716,0,1
760,127.53388623284518,10.405006270051004,0,0
761,376.82836534543793,0.7327669646952228,1,0
762,724.2100761624815,29.235614340842897,1,1
763,112.64566464522561,6.9014924693003685,0,0
764,493.5508355971679,13.162444593001156,1,0
765,202.39413196043196,27.340903878500313,1,0
766,711.2316536787579,23.21726877505173,0,1
767,623.9953584036059,1.4732919323265337,0,0
768,134.61240657470057,16.668786404629202,1,0
769,330.26521403613236,25.910126466677966,1,0
770,746.8892946058987,5.124361840755664,1,0
771,188.93525204937123,19.467733479822876,1,0
772,659.1237768286763,10.324886207129087,1,0
773,641.5368252470621,29.691978253085317,0,1
774,595.1715035045563,4.7840186510460665,0,0
775,184.35911842261464,16.878982317952303,1,0
776,372.89700988368327,12.528360243102783,1,0
777,613.9183502161059,22.96413254667302,0,1
778,759.7123643642138,9.998219005470869,1,0
779,524.893289660153,9.555401008915391,0,1
780,153.02494880953404,24.8954208974814,1,0
781,855.4510711896834,8.406602669148596,0,1
782,822.8404213437598,14.327667900409327,1,0
783,882.0973120368536,20.195778209204924,0,1
784,756.0505668193238,27.403179225468058,1,1
785,41.06139980590999,27.233883550624675,0,0
786,57.61340598783748,2.55688086755348,0,0
787,428.55581213368697,5.438246540911277,0,0
788,619.4372243387314,3.330890587615274,0,0
789,318.51272400847,24.8062210831571,0,1
790,751.6260079836215,9.443966733545468,0,1
791,796.3168747423243,15.410941057691485,0,1
792,744.9663867685529,5.1545992422609075,1,0
793,848.7929083207936,8.573463757058377,1,0
794,725.6576270333186,29.956602443799436,1,1
795,13.558627465309103,11.088938094375694,0,0
796,650.1455436117132,14.461842801221758,0,1
797,313.6049303503165,13.210507511210848,1,0
798,84.35379930635565,10.617177060914166,1,0
799,522.6938190117554,17.462941766197236,0,1
800,190.41651102340595,20.527869287654198,0,0
801,188.94349024192644,29.993073937741244,0,0
802,713.4990707080347,15.953867739946485,0,1
803,431.5022996168614,10.850257095999657,0,1
804,762.1975835324597,2.3324879695837364,1,0
805,868.670515098607,19.117827792121176,0,1
806,319.6191147553906,15.950037916961726,0,1
807,321.45802211825105,25.608584853571845,1,0
808,722.1549646552253,17.428593986259514,0,1
809,198.03138741521587,23.016946668877928,0,0
810,244.25789144475797,29.222462661356506,1,0
811,115.9549313500778,13.29976263376961,0,0
812,861.6539200384515,6.526916459797418,0,0
813,89.409254002179,19.571276623308286,1,0
814,638.511898313336,20.74677285913048,0,1
815,533.5642677315323,9.579187558980255,0,1
816,524.1506829510862,25.294099241171992,0,1
817,750.2914763892462,26.512563548511075,0,1
818,769.1885860106084,13.685584631071755,0,1
819,230.47013789907493,18.440070018122267,1,0
820,364.9346601216821,28.57592892297004,1,0
821,25.516995644633035,20.11755730569146,0,0
822,634.1189387818032,16.710403654264937,0,1
823,320.79423415815774,28.798956777593258,1,0
824,424.53582634428466,10.573452730321582,0,1
825,683.2589000894106,28.503491168986336,0,1
826,494.09029777623016,10.307959464589192,0,1
827,91.0540575964449,5.414804574283844,0,0
828,431.5948786167801,19.057305266937572,0,1
829,833.4882685884614,24.545820233474473,0,1
830,197.82739524159248,17.945678367814285,1,0
831,261.04705609127257,9.302762296967481,1,0
832,82.5816926464982,9.425887978316927,0,0
833,431.990129733103,16.69954872895516,1,0
834,61.27708927960007,19.42825695210893,1,0
835,136.5571202089825,0.9395723854889759,1,0
836,637.4517100200983,19.45375457642342,1,0
837,886.603846957457,24.961745722662204,0,1
838,417.8354512513439,7.321264122902126,0,0
839,202.98640272983624,12.734442374657439,1,0
840,566.3277345807885,3.563555949643422,1,0
841,752.1886618787462,10.316165258859527,0,1
842,462.4505701087505,19.22839772738959,1,0
843,290.8523743128968,27.312759808701507,0,0
844,822.2834670878748,27.497763491233734,1,1
845,878.8020539305634,12.766423373276266,1,0
846,141.25495252959922,14.76352213094936,0,0
847,747.0846208467036,21.563559211205124,0,1
848,317.90831433226367,27.473811944260927,1,0
849,672.5693705927536,13.253315689993343,1,0
850,230.11943098672708,20.811740150274282,1,0
851,351.8374785549301,26.494163061989873,1,0
852,591.59726883532,23.141535402688447,0,1
853,465.05977888245485,16.683593344243324,1,0
854,511.0976649694182,20.154345525743608,0,1
855,759.7998454929154,12.890055635329086,1,0
856,850.8728207373949,1.7107010325850003,0,0
857,665.389222797495,1.6408174307814394,1,0
858,474.9020131396855,3.323730007753034,0,0
859,240.47559216934292,16.9216743796969,0,0
860,96.95757163272015,2.6355303777485126,1,0
861,738.3239118126911,2.845242710955014,1,0
862,224.74011101833253,2.1535417091788767,0,0
863,471.2739259516519,20.29770840672709,0,1
864,438.40585094090693,10.066859725721804,0,1
865,724.7565647022187,6.229304286167863,1,0
866,78.63530074486647,0.3665770068740437,1,0
867,164.62488780827715,16.825142513759122,1,0
868,176.09748601072323,9.044756183426362,0,0
869,700.0331036392106,0.1282673503211007,0,0
870,595.2572310869697,2.0540245700425275,1,0
871,60.14897275627579,5.5409346432152855,1,0
872,299.21264128375304,28.019453935303897,0,0
873,597.5353495085933,3.1820255064403256,1,0
874,310.83368461846567,6.651171393201508,1,0
875,225.82263852599357,18.751559145388445,0,0
876,540.6806692368582,1.964325574921193,1,0
877,820.5137651876715,26.40820723523319,1,1
878,558.6733675906692,6.939492577890678,1,0
879,848.0046291881392,28.531645256975338,0,1
880,861.8602684887355,10.600395601964212,0,1
881,349.15804482935664,2.8511079642656565,1,0
882,506.04160135271655,11.419280896271111,1,0
883,640.5876875679782,28.07625433020808,1,0
884,481.18157625747426,4.701549593220059,1,0
885,94.72546835758958,11.384271779432547,1,0
886,54.58607906796446,2.2409687422898426,0,0
887,230.59694848654848,27.2274148379308,0,0
888,316.37922927695996,25.833595950557662,0,1
889,645.5964085427884,24.32568066518138,1,0
890,172.26170178697475,24.36339668614547,0,0
891,153.21198776411083,15.607252534949556,0,0
892,95.84675837902249,3.985892963426776,1,0
893,172.3880238237765,22.259084258151113,0,0
894,189.26693035625814,6.049276034643359,0,0
895,455.4232893567372,12.091679428128403,0,1
896,691.3487038372471,14.35581852669718,1,0
897,658.3625193349114,17.428117292171983,0,1
898,46.32571009667499,28.293063579340533,0,0
899,428.85772960541817,12.370289755494042,1,0
900,556.1062102248961,18.147461339234862,0,1
901,563.7718971783531,7.960543788683881,0,1
902,51.32049352434047,18.20875577046102,0,0
903,70.07212936545388,25.633748867047316,1,0
904,456.98414749524653,27.610419699477,0,1
905,491.1077768573103,28.632341741093413,1,0
906,499.96758209822343,5.0082134725162515,0,0
907,59.583877421604825,16.029880927750476,1,0
908,179.20656048878985,11.610778804517812,0,0
909,349.7864402754835,15.900942621773078,0,1
910,47.33275779813057,3.417187660170733,1,0
911,862.5344287626314,28.641677739619766,0,1
912,97.87725344380227,6.238975279146032,0,0
913,768.0305181110446,23.17844630385923,1,1
914,405.7601329896017,20.603418972645933,0,1
915,61.03460988470451,15.58218093454366,1,0
916,21.412856421305758,15.174121989737989,0,0
917,466.27169755833245,6.874276404028987,0,0
918,895.3405477153651,29.50374182337627,1,1
919,560.1702928511845,21.667098827485194,0,1
920,211.41905815335988,26.66250002554978,0,0
921,759.692232469471,4.953882782487308,0,0
922,615.6093431080376,22.024605072959613,0,1
923,621.1692857556393,13.731917875064498,1,0
924,184.03110493313997,2.948825966352615,0,0
925,527.3711724082777,20.49459543860171,1,0
926,314.72860558800664,16.535470081020996,1,0
927,195.13730112638683,10.888370857867255,0,0
928,182.09114524691506,17.34615946895436,1,0
929,822.957454060614,29.257079692507993,1,1
930,234.89118990964627,24.41891563122174,1,0
931,745.587123378093,25.19936545257376,1,1
932,57.03402928931921,13.367705001506776,0,0
933,740.7126998108954,27.62228321612251,1,1
934,240.01090936827458,12.053328112169964,1,0
935,730.701423669247,29.944310215214852,0,1
936,174.55233721990083,13.603020542323955,0,0
937,802.6713674618421,5.498348200029834,0,0
938,114.56874388730002,7.681914299186994,1,0
939,360.40724599548076,6.0354002863688025,1,0
940,59.54054158641958,23.792090050691925,0,0
941,441.9626144484224,22.93819732785606,0,1
942,896.5604001867725,20.108862170120542,1,0
943,10.214301855668129,25.577754965017885,0,0
944,679.7435625905596,28.854777711157485,0,1
945,446.8262550719932,0.4268153500644778,0,0
946,552.29918045168,3.5127941856656406,0,0
947,156.20982678866972,0.6545091202735243,1,0
948,281.4075016168646,5.056261601461519,1,0
949,506.18911374207187,5.025095452374191,0,0
950,367.13623204285733,27.907509848643503,0,1
951,285.44363235363164,16.409753030949066,1,0
952,483.94563376622676,28.63159077956103,0,1
953,64.85787183819757,17.827438501602614,1,0
954,98.03530173503012,27.0846582164867,1,0
955,594.0896229247788,26.84857995832737,0,1
956,89.70465161680585,1.8110836908036143,0,0
957,58.24901515317782,26.001316606480884,1,0
958,355.52683051651485,0.8901524502179015,1,0
959,797.3672299869825,21.962336881812423,0,1
960,847.3810902078991,0.8871683293666377,0,0
961,523.0180138728779,2.6019083512583174,1,0
962,392.0268877029855,6.4312289552995505,0,0
963,806.4018332053596,8.747214228793018,1,0
964,898.011332739882,0.7471104424249098,0,0
965,249.74283488203312,18.420295676720315,0,0
966,646.6851833805978,18.848084581216035,0,1
967,881.1813791178674,16.866296861567587,1,0
968,859.9753688941333,9.722081795342081,0,1
969,215.03654354818553,21.769981268791813,1,0
970,600.0563694188984,1.6577238385106507,1,0
971,689.7972429055939,18.81419135937336,0,1
972,399.6325780569455,23.291776297947973,0,1
973,302.8304976744789,10.45319997765082,1,0
974,455.4887300067636,2.499541847293285,1,0
975,617.5189479312583,26.291047938777904,0,1
976,872.1006714063568,24.345546344096245,0,1
977,635.3230636942023,7.414904663143643,0,1
978,471.553538091189,2.9254143829999446,1,0
979,289.5719696452033,3.3624287182127333,0,0
980,426.6377501951676,19.91631772956035,1,0
981,55.70404082971123,20.63424101066405,1,0
982,526.0484966118843,6.020373635827791,0,0
983,375.20963064148566,10.039865588051216,1,0
984,843.4110615471014,29.200298033773414,1,1
985,611.7716084263236,19.658244666066533,0,1
986,439.7375803508599,2.7623820122143172,0,0
987,133.23151849505751,7.413579902977487,1,0
988,470.71954639846103,21.868854437235864,0,1
989,103.98026186819646,18.694860442625018,1,0
990,263.77087833973457,28.88990746098831,0,0
991,601.4631394474163,0.4485953694741984,0,0
992,618.4657608168962,5.89823372724338,1,0
993,482.89538018823384,28.956945063947384,0,1
994,852.5233891312877,7.656613951593394,0,1
995,839.4272234238275,19.266758231875656,1,0
996,724.7037465560833,5.262286718794266,1,0
997,371.4186824304782,28.336302777840473,0,1
998,135.8442999383581,10.492271197297372,0,0
999,576.0958698929749,18.451112729523654,1,0
